"","pas","abundance","SE","lowCI","hiCI"
"1","bulangshan",0.824736302593871,0.18797038525348,0.45631434749705,1.19315825769069
"2","mangao",0.143705940920176,0.108711794739118,-0.0693691767684946,0.356781058608847
"3","mengla",3.64694787306546,0.699454711127102,2.27601663925634,5.01787910687458
"4","menglun",0.0762585017583854,0.0757073220590075,-0.0721278494772693,0.22464485299404
"5","mengsong",1.07578167510224,0.344168190133013,0.40121202244153,1.75035132776294
"6","nabanhe",3.60757080477272,0.831548964181724,1.97773483497654,5.23740677456889
