"","pas","abundance","SE","lowCI","hiCI"
"1","bulangshan",0.519650314557559,0.138896171527407,0.247413818363841,0.791886810751277
"2","mangao",0.0334670096110715,0.037607150603411,-0.0402430055716139,0.107177024793757
"3","mengla",2.6875400394963,0.446338151927027,1.81271726171933,3.56236281727327
"4","menglun",0.0138317037193908,0.0320359798160924,-0.0489588167201503,0.0766222241589318
"5","mengsong",1.08951766022323,0.370543564780771,0.363252273252915,1.81578304719354
"6","nabanhe",4.3075449431254,0.866105363581268,2.60997843050612,6.00511145574468
