"","pas","abundance","SE","lowCI","hiCI"
"1","bulangshan",0.188717014928822,0.0899449202777039,0.0124249711845227,0.365009058673122
"2","mangao",0.0242713567928744,0.047383500080051,-0.0686003033640257,0.117143016949774
"3","mengla",0.677833318558271,0.254517998621325,0.178978041260474,1.17668859585607
"4","menglun",0.290757323771382,0.267427349760484,-0.233400281759167,0.81491492930193
"5","mengsong",0.36201738404107,0.216146454620724,-0.061629667015548,0.785664435097689
"6","nabanhe",0.00781796589492847,0.0313755066862114,-0.0536780272100459,0.0693139589999029
